Fill,Boston,Acadia,Arches,Badlands,Big Bend,Biscayne,Black Canyon of the Gunnison,Bryce Canyon,Canyonlands,Capitol Reef,Carlsbad Caverns,Channel Islands,Congaree,Crater Lake,Cuyahoga Valley,Death Valley,Denali,Dry Tortugas,Everglades,Gates of the Arctic,Gateway Arch,Glacier Bay,Glacier,Grand Canyon,Grand Teton,Great Basin,Great Sand Dunes,Great Smoky Mountains,Guadalupe Mountains,Haleakalā,Hawaiʻi Volcanoes,Hot Springs,Indiana Dunes,Isle Royale,Joshua Tree,Katmai,Kenai Fjords,Kings Canyon,Kobuk Valley,Lake Clark,Lassen Volcanic,Mammoth Cave,Mesa Verde,Mount Rainier,National Park of American Samoa,North Cascades,Olympic,Petrified Forest,Pinnacles,Redwood,Rocky Mountain,Saguaro,Sequoia,Shenandoah,Theodore Roosevelt,Virgin Islands,Voyageurs,White Sands National Park,Wind Cave,Wrangell–St. Elias,Yellowstone,Yosemite,Zion
Boston,0.0;0.0,285.27;4.98,2322.77;34.72,1853.76;27.87,2334.6;35.33,1522.87;23.39,2241.52;34.28,2524.96;38.38,2459.47;40.4,2411.63;36.41,2226.15;33.62,3083.34;45.83,926.21;15.08,3062.77;46.12,650.94;10.34,2880.83;43.19,4556.12;73.67,1651.09;26.14,1562.67;24.06,4736.95;78.67,1177.71;18.07,3920.42;64.13,2494.31;37.62,2626.29;38.95,2345.97;35.46,2583.57;39.06,2109.78;31.86,934.57;14.95,2255.55;33.97,N/A;N/A,N/A;N/A,1505.05;22.99,940.48;14.76,1258.49;19.95,2866.49;42.94,4770.4;78.07,4673.98;76.12,3166.79;47.77,4689.05;77.64,4558.23;74.27,3035.02;45.21,1057.2;16.37,2291.8;35.24,3079.85;46.46,N/A;N/A,3016.71;45.56,3178.73;47.78,2424.46;35.88,3169.97;47.49,3249.01;49.04,1998.1;30.21,2619.98;39.18,3106.54;47.07,533.16;9.18,1958.97;29.57,N/A;N/A,1591.14;24.61,2295.17;34.41,1945.9;29.18,4297.1;69.49,2331.86;35.23,2935.3;44.17,2603.43;38.95
Acadia,283.26;4.9,0;0,2519.32;38.57,1955.86;31.82,2608.95;39.95,1811.03;28.08,2437.39;38.14,2721.46;42.21,2656.2;44.22,2608.36;40.24,2501.23;38.19,3279.37;49.59,1223.92;19.77,3252.63;49.97,930.5;14.83,3056.84;46.23,4498.02;77.34,1938.65;30.79,1850.44;28.77,4675.99;82.34,1454.95;22.63,3862.09;67.72,2479.11;41.38,2904.14;43.62,2541.84;39.31,2793.16;42.93,2386.72;36.51,1212.84;19.57,2532.53;38.62,N/A;N/A,N/A;N/A,1784.39;27.6,1219.28;19.22,1260.43;22.34,3144.57;47.6,4711.69;81.77,4617.35;79.45,3362.49;51.59,4628.09;81.31,4500.07;77.98,3227.07;49.13,1338.1;20.96,2582.63;40.22,3041.14;49.49,N/A;N/A,3001.56;49.25,3164.05;51.51,2702.41;40.56,3365.04;51.31,3439.49;52.94,2275.99;34.75,2898.52;43.73,3302.52;50.88,810.17;13.73,2237.82;34.18,N/A;N/A,1507.99;26.44,2573.12;38.99,2047.77;33.12,4238.97;73.2,2430.95;39.12,3127.63;48.07,2800.05;42.78
Arches,2321.65;34.73,2526.17;38.43,0;0,747.46;11.61,929.85;15.5,2450.9;35.63,193.27;3.42,272.15;5.01,206.89;7.02,159.04;3.04,677.72;10.95,830.06;12.39,1978.17;29.07,929.16;14.76,1692.78;24.78,607.52;9.03,3199.6;53.05,2578.52;38.34,2490.31;36.32,3377.57;58.04,1205.32;17.57,2563.67;43.42,908.71;13.68,340.69;5.97,505.21;8.86,343.85;5.73,349.28;6.37,1732.65;25.56,709.02;11.38,N/A;N/A,N/A;N/A,1222.79;19.26,1391.65;20.32,1670.16;25.06,688.11;11.06,3413.27;57.47,3318.47;55.14,913.17;14.39,3329.67;57.01,3201.65;53.69,903.6;13.92,1496.24;22.19,136.57;2.5,1013.85;15.82,N/A;N/A,1132.5;17.97,1199.61;18.81,305.31;5.21,915.72;14.11,1116.02;17.73,384.5;6.39,612.57;9.72,853.2;13.68,1994.88;29.6,923.92;14.59,N/A;N/A,1540.17;22.47,599.71;9.62,695.02;10.62,2940.55;48.9,635.23;10.49,714.07;11.62,350.73;5.58
Badlands,1854.04;27.86,1953.58;31.73,747.05;11.68,0;0,1168.46;18.77,2160.67;31.33,665.12;11.25,949.19;15.32,883.93;17.33,836.09;13.35,953.56;14.98,1466.5;22.04,1687.95;24.78,1395.99;21.56,1223.77;17.9,1243.97;18.68,2974.08;50.28,2288.3;34.05,2200.09;32.02,3152.05;55.28,915.1;13.28,2338.15;40.66,728.2;11.58,1071.61;17.13,561.23;8.95,923.03;14.59,628.7;9.78,1442.43;21.26,984.86;15.41,N/A;N/A,N/A;N/A,1088.89;16.32,928.52;13.48,944.64;14.81,1361.09;20.7,3187.75;54.71,3094.52;52.45,1549.62;24.04,3104.16;54.25,2976.14;50.92,1370.43;20.73,1206.02;17.9,781.19;13.05,1193.51;18.51,N/A;N/A,1153.93;18.28,1316.42;20.54,998.84;15.25,1529.24;23.02,1582.85;24.54,399.76;6.61,1233.54;18.65,1489.65;23.33,1570.74;23.91,295.09;5.07,N/A;N/A,729.96;11.84,908.69;14.31,100.15;1.73,2715.03;46.14,487.82;7.88,1270.98;19.66,987.18;15.23
Big Bend,2340.15;35.65,2610.91;39.84,972.63;15.49,1170.77;18.77,0;0,1818.8;27.22,875.87;15.26,1136.44;18.32,1023.5;19.94,1068.57;17.63,283.31;5.12,1240.29;18.91,1583.24;23.66,1812.36;28.49,1701.15;25.26,1187.92;18.44,4050.6;66.27,1946.43;29.93,1858.22;27.91,4228.57;71.26,1157.36;17.33,3414.66;56.64,1776.57;27.21,891.05;14.66,1358.53;21.66,1233.57;20.54,719.25;12.25,1459.08;22.09,274.56;4.73,N/A;N/A,N/A;N/A,866.81;13.24,1474.14;22.05,1849.53;28.1,993.26;15.24,4264.26;70.69,4170.56;68.4,1409.17;22.26,4180.67;70.23,4052.65;66.91,1652.62;25.86,1326.83;19.85,856.61;13.42,1995.04;31.5,N/A;N/A,2089.02;32.94,2156.14;33.78,781.97;12.05,1401.17;21.71,1821.42;28.13,924.31;14.94,639.98;9.95,1349.2;21.55,1818.85;27.36,1467.59;23.22,N/A;N/A,1719.54;25.51,425.32;6.88,1126.26;18.28,3791.54;62.12,1401.73;21.85,1422.17;22.24,1059.07;17.88
Biscayne,1531.5;23.51,1799.11;27.92,2452.64;35.78,2162.44;31.47,1818.62;27.24,0;0,2215.66;34.03,2551.44;38.67,2414.56;40.13,2541.68;37.45,1826.34;27.2,2873.63;41.67,646.07;9.65,3259.19;48.4,1250.7;18.54,2692.16;39.93,4988.45;79.15,137.86;3.16,49.65;1.14,5166.42;84.14,1247.67;18.17,4352.51;69.52,2877.91;42.47,2398.7;35.44,2548.39;37.75,2726.49;40.13,2048.79;30.63,882.34;13.56,1907.91;27.51,N/A;N/A,N/A;N/A,1272.32;18.51,1397.47;20.47,1882.83;28.37,2626.6;37.99,5202.11;83.57,5107.56;81.23,2960.22;44.49,5118.52;83.11,4990.5;79.78,3156.86;47.35,1034.06;15.12,2246.21;33.59,3302.17;48.83,N/A;N/A,3303.64;49.17,3466.13;51.43,2196.97;32.39,2962.77;44.21,3383.02;50.63,2156.54;31.44,2273.32;32.71,2900.25;43.78,1073.09;16.11,2394.07;34.82,N/A;N/A,2025.9;29.76,1943.71;29.29,2174.68;32.54,4729.39;75.0,2524.93;37.77,2938.45;43.87,2517.11;38.33
Black Canyon of the Gunnison,2239.72;34.29,2444.93;38.0,193.83;3.44,666.22;11.18,876.24;15.3,2218.47;33.92,0;0,395.97;7.08,330.72;9.09,282.87;5.11,624.12;10.75,953.88;14.46,1828.82;28.15,1052.99;16.83,1611.54;24.34,731.35;11.1,3323.43;55.12,2346.1;36.63,2257.89;34.61,3501.4;60.11,1055.97;16.65,2687.49;45.49,1032.53;15.75,423.25;7.71,530.12;9.49,467.67;7.8,221.55;4.05,1583.3;24.63,655.42;11.18,N/A;N/A,N/A;N/A,1047.27;17.46,1310.4;19.89,1588.92;24.63,770.67;12.8,3537.09;59.55,3441.94;57.2,1037.0;16.46,3453.5;59.08,3325.48;55.76,1027.43;15.99,1346.89;21.27,159.9;3.22,1137.68;17.89,N/A;N/A,1256.32;20.04,1323.44;20.88,356.95;6.38,1039.55;16.18,1239.85;19.8,312.57;6.12,695.12;11.46,977.03;15.75,1845.52;28.68,881.03;14.33,N/A;N/A,1458.93;22.03,562.32;9.73,613.77;10.18,3064.38;50.97,653.12;10.88,837.9;13.69,474.56;7.65
Bryce Canyon,2523.79;38.37,2728.37;42.1,271.99;5.03,964.72;14.96,1136.66;18.4,2554.54;38.54,395.46;7.08,0;0,250.49;8.69,128.14;3.27,865.52;13.98,649.33;10.24,2180.37;32.74,879.97;14.79,1894.98;28.44,426.8;6.88,3251.11;53.85,2682.17;41.26,2593.96;39.24,3429.08;58.85,1407.52;21.24,2615.18;44.22,960.22;14.48,308.36;5.75,556.72;9.67,220.8;4.29,594.44;10.39,1934.85;29.22,896.82;14.42,N/A;N/A,N/A;N/A,1410.6;22.29,1593.85;23.99,1872.36;28.73,543.92;8.9,3464.78;58.28,3369.81;55.94,732.45;12.24,3381.18;57.82,3253.17;54.49,740.1;12.63,1698.44;25.86,395.63;6.83,1065.37;16.62,N/A;N/A,1184.01;18.78,1251.12;19.62,406.32;6.89,735.0;11.95,952.52;16.44,586.69;10.05,580.23;9.5,672.48;11.53,2197.08;33.27,1129.37;17.34,N/A;N/A,1636.9;25.3,764.85;12.49,878.07;13.6,2992.06;49.71,686.74;11.29,560.34;9.63,133.79;3.34
Canyonlands,2458.53;40.38,2662.88;44.12,206.5;7.05,884.17;17.3,1023.0;19.97,2418.22;39.95,329.98;9.1,250.49;8.71,0;0,142.43;6.5,729.19;15.39,835.34;16.84,2050.02;34.24,1018.33;19.8,1829.49;30.46,612.81;13.48,3288.77;58.09,2545.84;42.66,2457.63;40.64,3466.74;63.08,1342.03;23.26,2652.84;48.46,997.87;18.72,329.5;9.65,594.38;13.91,388.95;10.51,430.97;11.33,1869.36;31.24,760.5;15.82,N/A;N/A,N/A;N/A,1274.27;23.7,1528.36;26.01,1806.87;30.75,676.92;14.73,3502.44;62.51,3406.62;60.13,918.46;18.84,3418.84;62.05,3290.82;58.73,902.72;18.73,1632.95;27.88,218.26;7.46,1103.02;20.86,N/A;N/A,1221.66;23.01,1288.78;23.85,337.73;9.3,921.0;18.56,1115.14;22.54,521.2;12.08,601.37;13.39,858.49;18.13,2131.59;35.29,1060.63;20.28,N/A;N/A,1676.88;28.15,651.19;14.06,831.73;16.3,3029.72;53.94,724.39;15.53,746.34;16.23,356.02;10.03
Capitol Reef,2410.69;36.4,2615.03;40.13,158.66;3.06,836.33;13.31,1026.39;17.59,2539.76;37.32,282.13;5.11,128.14;3.27,142.43;6.49,0;0,774.27;13.03,712.99;11.41,2067.04;30.77,925.92;15.0,1781.65;26.47,490.46;8.04,3196.35;53.29,2667.39;40.04,2579.17;38.02,3374.32;58.28,1294.18;19.27,2560.42;43.66,905.46;13.92,374.57;7.29,501.96;9.11,266.6;5.08,481.11;8.42,1821.52;27.25,805.57;13.47,N/A;N/A,N/A;N/A,1380.3;21.3,1480.51;22.02,1759.02;26.76,607.57;10.07,3410.02;57.72,3315.16;55.36,796.1;13.4,3326.43;57.25,3198.41;53.93,780.37;13.29,1585.11;23.89,279.1;5.03,1010.61;16.06,N/A;N/A,1129.25;18.21,1196.37;19.05,382.8;6.94,798.65;13.12,992.79;17.1,473.36;8.08,646.45;11.04,736.13;12.69,2083.74;31.3,1012.78;16.29,N/A;N/A,1629.03;24.16,696.26;11.7,783.88;12.31,2937.3;49.14,631.98;10.73,623.99;10.8,233.66;4.6
Carlsbad Caverns,2249.56;34.16,2502.46;38.14,679.5;11.14,956.27;15.01,285.21;5.25,1827.93;27.23,625.68;10.85,867.26;14.13,730.37;15.59,775.44;13.27,0;0,1055.09;15.78,1500.21;22.31,1627.15;25.36,1592.7;23.56,1002.72;15.31,3800.4;61.86,1955.55;29.95,1867.34;27.92,3978.37;66.86,1048.91;15.62,3164.47;52.23,1526.37;22.8,714.51;10.91,1108.33;17.26,1007.24;16.35,469.06;7.85,1368.68;20.71,39.02;0.7,N/A;N/A,N/A;N/A,776.41;11.86,1365.69;20.35,1741.08;26.4,808.06;12.11,4014.07;66.29,3918.44;63.85,1223.97;19.13,N/A;N/A,3802.45;62.5,1467.42;22.73,1236.43;18.47,562.02;9.06,1677.25;26.44,N/A;N/A,1795.89;28.59,1863.0;29.43,512.79;7.85,1215.97;18.58,1636.22;25.0,674.12;10.53,454.78;6.82,1164.0;18.42,1728.44;25.98,1217.39;18.81,N/A;N/A,1611.09;23.8,186.54;3.49,950.59;14.36,3541.35;57.72,1151.54;17.44,1236.96;19.11,832.92;13.8
Channel Islands,3081.7;45.75,3286.04;49.5,829.67;12.43,1465.86;21.92,1239.8;18.98,2873.77;41.69,953.14;14.48,648.99;10.26,834.95;16.83,712.6;11.4,1055.5;15.81,0;0,2511.22;36.69,728.2;11.54,2452.66;35.84,352.05;5.98,3380.91;58.18,3001.4;44.41,2913.18;42.39,3558.88;63.17,1926.94;28.06,2744.97;48.55,1461.35;21.44,592.32;9.23,1057.86;16.63,676.94;10.57,1055.86;16.89,2328.07;34.18,1017.23;15.19,N/A;N/A,N/A;N/A,1735.47;26.15,2151.52;31.39,2430.03;36.13,273.62;4.58,3594.57;62.6,3499.24;60.61,324.4;5.92,3510.98;62.14,3382.96;58.81,551.83;8.65,2195.83;31.94,841.81;12.99,1097.94;17.51,N/A;N/A,1235.32;19.6,1190.9;19.22,681.47;10.28,208.14;3.42,641.96;10.38,1144.37;17.45,613.82;9.42,266.44;5.35,2687.84;39.45,1630.51;24.3,N/A;N/A,2138.04;32.26,925.45;13.74,1379.2;20.56,3121.86;54.03,1187.87;18.25,364.15;7.0,531.26;8.54
Congaree,944.39;15.19,1204.49;19.61,1978.81;29.23,1688.61;24.93,1581.96;23.75,645.94;9.65,1840.5;28.27,2180.95;32.87,2051.45;34.43,2067.85;30.91,1491.37;22.26,2514.0;36.8,0;0,2785.61;41.87,617.16;9.43,2329.06;34.23,4408.63;71.28,773.57;12.36,685.36;10.34,4588.33;76.28,773.83;11.63,3772.64;61.65,2349.75;34.99,2035.6;29.75,2074.56;31.21,2253.47;33.61,1658.34;24.76,259.88;4.61,1522.68;22.69,N/A;N/A,N/A;N/A,807.84;12.1,814.98;12.38,1297.88;20.26,2276.03;33.73,4622.3;75.71,4523.4;73.32,2597.12;38.8,4540.43;75.25,4410.68;71.92,2759.79;41.02,484.6;8.05,1883.11;27.9,2853.0;43.0,N/A;N/A,2831.21;42.63,2992.29;44.89,1833.87;26.69,2599.67;38.52,2972.21;44.83,1682.71;24.9,1954.89;28.46,2537.15;38.09,434.3;7.08,1814.26;26.96,N/A;N/A,1446.09;21.89,1608.75;24.35,1700.85;26.0,4149.58;67.13,2051.09;31.23,2575.35;38.17,2154.01;32.64
Crater Lake,3054.96;46.13,3266.18;49.84,935.08;14.81,1401.56;21.47,1814.35;28.55,3263.69;48.25,1058.55;16.87,882.46;14.85,1023.22;19.8,931.76;15.04,1596.67;25.24,730.12;11.63,2790.97;41.69,0;0,2432.79;36.18,696.37;11.83,2691.02;48.13,3391.32;50.96,3303.11;48.94,2868.99;53.13,2018.12;30.19,2055.08;38.51,829.5;14.02,1034.66;16.74,803.25;13.43,695.61;11.66,1257.52;20.18,N/A;N/A,1591.79;24.75,N/A;N/A,N/A;N/A,2143.51;32.68,2131.66;31.73,2141.61;33.83,913.29;14.63,2904.68;52.56,2809.48;50.64,625.37;10.86,2821.09;52.1,2693.07;48.77,252.88;4.87,2309.04;34.82,1055.52;16.79,408.04;7.47,N/A;N/A,545.43;9.56,501.0;9.18,1123.8;17.79,527.81;8.86,227.5;4.78,1203.23;18.92,1253.49;19.47,626.61;11.0,2779.77;42.19,1328.33;20.74,N/A;N/A,1900.99;29.14,1500.0;23.3,1314.9;20.11,2431.96;43.99,880.31;14.87,489.95;8.91,865.46;14.37
Cuyahoga Valley,650.98;10.25,927.25;14.87,1692.46;24.89,1224.85;18.03,1696.08;25.34,1251.02;18.51,1610.53;24.46,1894.6;28.53,1829.34;30.54,1781.5;26.56,1588.36;23.57,2452.51;35.91,617.76;9.42,2425.77;36.29,0;0,2229.98;32.55,3923.48;64.09,1378.65;21.23,1290.44;19.21,4101.45;69.09,542.07;8.02,3287.54;54.47,1864.42;27.79,1991.26;29.0,1714.97;25.63,1966.3;29.25,1473.84;21.9,528.39;8.09,1619.66;24.0,N/A;N/A,N/A;N/A,903.77;13.31,310.57;4.81,758.7;11.88,2231.69;32.99,4137.14;68.52,4044.0;66.17,2535.62;37.91,4053.55;68.06,3925.53;64.73,2400.21;35.45,425.23;6.35,1669.76;25.61,2451.12;36.62,N/A;N/A,2386.88;35.66,2549.37;37.92,1789.54;25.95,2538.17;37.63,2612.63;39.26,1367.27;20.34,1985.65;29.12,2475.66;37.2,362.29;6.29,1329.11;19.77,N/A;N/A,960.94;14.71,1660.25;24.38,1316.75;19.33,3664.43;59.95,1699.93;25.33,2300.76;34.39,1973.19;29.1
Death Valley,2859.17;42.39,3061.46;46.65,603.64;9.56,1239.83;19.05,1194.46;18.81,2701.86;40.18,727.12;11.62,422.97;7.39,608.93;13.96,486.58;8.54,1012.84;15.62,389.29;6.5,2340.84;34.48,694.8;11.91,2226.63;32.98,0;0,3483.16;57.71,2829.49;42.89,2741.28;40.87,3662.86;62.71,1739.18;25.77,2847.18;48.09,1192.27;18.34,414.77;7.0,831.83;13.76,398.24;6.77,853.89;14.59,2150.52;31.96,971.9;15.02,N/A;N/A,N/A;N/A,1557.92;23.92,1925.5;28.52,2204.01;33.26,312.18;5.88,3696.83;62.14,3648.5;59.5,472.41;8.5,3614.97;61.68,3485.22;58.35,535.06;9.29,2018.28;29.72,639.84;10.69,1055.17;17.25,N/A;N/A,1173.81;19.41,1152.16;19.41,503.92;8.05,474.95;8.22,747.48;13.1,918.34;14.59,568.49;9.25,412.44;7.79,2510.29;37.22,1361.28;21.2,N/A;N/A,1912.01;29.39,880.11;13.57,1153.18;17.69,3224.11;53.57,918.62;15.15,316.65;5.81,305.24;5.67
Denali,4552.67;73.93,4499.48;77.01,3200.6;52.7,2976.65;50.01,4052.7;65.96,4989.69;78.79,3324.08;54.76,3251.94;53.49,3288.75;57.69,3197.29;52.92,3800.57;61.41,3381.37;58.17,4405.54;70.88,2691.62;48.2,3926.13;63.73,3530.63;57.06,0;0,5117.32;81.5,5029.11;79.48,423.43;9.08,3727.11;60.92,756.78;13.68,2314.44;39.83,3487.05;57.28,2780.47;47.53,3209.69;52.97,3427.23;55.92,4160.02;67.36,3831.87;61.84,N/A;N/A,N/A;N/A,3927.98;64.18,3630.89;59.31,3399.41;57.59,3609.28;58.8,455.92;8.16,360.1;6.25,3276.62;57.39,375.53;8.05,224.43;3.91,2912.87;51.54,3965.27;64.24,3321.05;54.67,2366.4;43.21,N/A;N/A,2249.8;40.93,2343.11;43.59,3489.79;57.39,3179.07;55.4,2806.96;50.12,3196.29;52.65,3758.92;61.03,3277.86;57.53,4273.11;69.73,2736.49;46.31,N/A;N/A,3018.33;50.98,3755.7;60.73,3004.46;49.9,276.43;5.99,2739.1;47.07,3139.69;55.71,3273.84;53.61
Dry Tortugas,1659.13;26.22,1927.4;30.65,2580.87;38.52,2290.67;34.22,1946.85;29.98,138.05;3.17,2343.89;36.78,2679.67;41.41,2542.78;42.87,2669.91;40.19,1954.57;29.95,3001.86;44.41,774.3;12.4,3387.41;51.15,1378.93;21.29,2820.39;42.67,5116.67;81.89,0;0,166.89;3.69,5294.64;86.88,1375.9;20.92,4480.74;72.26,3006.13;45.22,2526.93;38.19,2676.62;40.49,2854.72;42.88,2177.02;33.38,1010.57;16.3,2036.13;30.25,N/A;N/A,N/A;N/A,1400.55;21.25,1525.7;23.22,2008.6;31.11,2754.83;40.74,5330.34;86.32,5235.19;83.94,3088.45;47.24,5246.74;85.85,5118.73;82.53,3285.09;50.1,1162.29;17.87,2374.44;36.34,3430.4;51.58,N/A;N/A,3431.87;51.91,3594.36;54.18,2325.2;35.13,3091.0;46.96,3511.25;53.38,2284.77;34.19,2401.55;35.45,3028.48;46.53,1201.32;18.86,2522.3;37.57,N/A;N/A,2154.13;32.5,2071.94;32.04,2302.91;35.29,4857.62;77.74,2653.15;40.51,3066.68;46.61,2645.34;41.08
Everglades,1570.92;24.2,1838.98;28.58,2492.45;36.45,2202.25;32.15,1858.43;27.91,49.63;1.1,2255.47;34.7,2591.25;39.34,2454.36;40.8,2581.49;38.12,1866.15;27.87,2913.44;42.34,685.88;10.32,3298.99;49.08,1290.51;19.22,2731.97;40.6,5028.25;79.82,166.64;3.62,0;0,5206.22;84.81,1287.48;18.85,4392.32;70.19,2917.71;43.15,2438.51;36.12,2588.2;38.42,2766.3;40.81,2088.6;31.31,922.15;14.23,1947.71;28.18,N/A;N/A,N/A;N/A,1312.13;19.18,1437.28;21.15,1920.18;29.03,2666.41;38.66,5241.92;84.24,5146.98;81.92,3000.03;45.17,5158.32;83.78,5030.31;80.46,3196.67;48.03,1073.87;15.79,2286.02;34.27,3341.98;49.5,N/A;N/A,3343.45;49.84,3505.94;52.1,2236.78;33.06,3002.58;44.89,3422.83;51.3,2196.35;32.12,2313.13;33.38,2940.06;44.46,1112.9;16.79,2433.88;35.5,N/A;N/A,2065.71;30.43,1983.52;29.97,2214.49;33.21,4769.2;75.67,2564.73;38.44,2978.26;44.54,2556.92;39.01
Gates of the Arctic,4730.64;78.92,4680.31;82.01,3381.44;57.7,3157.49;55.01,4233.53;70.95,5170.53;83.78,3504.91;59.75,3432.77;58.49,3469.58;62.68,3378.12;57.92,3981.4;66.4,3562.21;63.16,4586.37;75.87,2872.45;53.19,4106.96;68.72,3711.46;62.06,421.86;9.04,5298.15;86.5,5209.94;84.48,0;0,3907.95;65.92,937.61;18.68,2495.27;44.82,3667.88;62.28,2961.3;52.53,3390.52;57.97,3608.07;60.91,4340.85;72.36,4012.7;66.83,N/A;N/A,N/A;N/A,4108.81;69.18,3811.72;64.3,3580.24;62.59,3790.11;63.8,877.45;17.18,783.2;15.31,3457.45;62.39,48.6;1.08,645.96;12.94,3093.71;56.53,4146.1;69.24,3501.88;59.67,2547.23;48.21,N/A;N/A,2430.63;45.93,2523.95;48.59,3670.62;62.39,3359.9;60.39,2987.79;55.11,3377.13;57.65,3939.75;66.03,3458.69;62.53,4453.94;74.73,2917.32;51.31,N/A;N/A,3199.16;55.98,3936.53;65.73,3185.29;54.89,567.12;11.44,2919.93;52.06,3320.52;60.7,3454.67;58.61
Gateway Arch,1248.63;19.1,1466.98;22.72,1206.11;17.7,915.91;13.39,1155.66;17.56,1246.18;18.13,1067.8;16.73,1408.25;21.33,1342.99;23.35,1295.15;19.37,1047.94;15.8,1929.25;28.28,773.46;11.58,2012.65;30.32,544.26;8.01,1743.63;25.36,3724.39;61.21,1373.81;20.85,1285.6;18.83,3902.36;66.21,0;0,3088.46;51.58,1631.37;24.39,1450.85;21.23,1301.85;19.67,1479.95;22.05,939.33;14.08,527.94;8.06,1079.24;16.23,N/A;N/A,N/A;N/A,398.24;6.14,317.25;4.79,721.04;11.26,1691.28;25.21,3938.06;65.64,3844.98;63.36,2012.37;30.28,3854.46;65.18,3726.44;61.85,1987.09;29.49,291.53;4.7,1135.25;17.78,2086.4;31.64,N/A;N/A,2057.11;31.09,2219.59;33.35,1249.12;18.18,2014.92;30.0,2199.51;33.3,910.01;13.36,1445.23;21.35,1951.79;29.5,790.17;12.11,1130.02;16.89,N/A;N/A,821.75;12.32,1119.83;16.61,928.15;14.46,3465.34;57.07,1278.39;19.69,1850.18;27.95,1486.84;21.91
Glacier Bay,3977;68,3863.78;67.47,2564.91;43.16,2340.96;40.47,3417.0;56.42,4354.0;69.25,2688.38;45.22,2616.24;43.96,2653.05;48.15,2561.59;43.38,3164.87;51.87,2745.68;48.63,3769.84;61.34,2055.92;38.66,3290.44;54.19,2894.94;47.52,756.83;13.71,4481.62;71.96,4393.41;69.94,934.8;18.71,3091.42;51.38,0;0,1678.74;30.29,2851.35;47.75,2144.77;37.99,2573.99;43.43,2791.54;46.38,3524.32;57.82,3196.17;52.3,N/A;N/A,N/A;N/A,3292.28;54.64,2995.19;49.77,2763.71;48.06,2973.53;49.27,970.5;18.14,874.65;16.12,2640.92;47.85,886.91;17.68,758.89;14.35,2277.18;42.0,3329.58;54.71,2685.35;45.14,1730.7;33.67,N/A;N/A,1614.1;31.39,1707.42;34.05,2854.09;47.85,2543.37;45.86,2171.26;40.58,2560.6;43.11,3123.22;51.5,2642.16;48.0,3637.41;60.2,2100.79;36.78,N/A;N/A,2382.63;41.44,3120.0;51.19,2368.76;40.36,497.78;9.57,2103.41;37.53,2503.99;46.17,2638.14;44.08
Glacier,2493.61;37.63,2478.1;41.24,908.81;13.64,729.89;11.47,1776.85;27.21,2877.05;42.27,1032.29;15.69,960.15;14.43,996.96;18.62,905.5;13.86,1524.73;22.66,1461.37;21.36,2343.73;34.82,829.86;14.06,1864.33;27.67,1238.84;18.0,2313.58;40.14,3004.68;44.99,2916.46;42.97,2491.55;45.13,1631.47;24.22,1677.64;30.51,0;0,1195.26;18.22,488.68;8.46,917.9;13.9,1151.39;17.17,2098.21;31.31,1556.03;23.09,N/A;N/A,N/A;N/A,1805.27;27.26,1569.08;23.25,1376.12;22.19,1355.96;20.02,2527.24;44.56,2432.3;42.27,1459.13;22.5,2443.65;44.1,2315.63;40.78,1040.87;17.52,1903.47;28.19,1029.26;15.61,625.77;10.52,N/A;N/A,586.19;10.28,748.68;12.54,1198.0;18.32,1384.89;20.9,1053.85;17.48,920.45;13.91,1467.13;21.97,1460.37;22.65,2211.3;33.68,572.09;9.22,N/A;N/A,1047.17;16.88,1479.85;21.99,728.62;11.15,2054.52;35.99,447.31;8.0,1185.4;18.05,982.05;14.55
Grand Canyon,2624.61;39.04,2902.59;43.47,340.87;5.93,1072.22;17.01,891.25;14.71,2401.52;35.3,423.49;7.7,308.52;5.74,329.67;9.62,374.74;7.3,712.5;10.74,592.64;9.17,2033.33;29.59,1032.13;16.65,1992.83;28.89,407.7;6.6,3486.43;57.63,2529.15;38.01,2440.94;35.99,3664.4;62.62,1449.04;20.95,2850.5;48.0,1195.54;18.25,0;0,792.04;13.44,448.19;7.93,494.34;8.64,1850.18;27.08,668.68;10.92,N/A;N/A,N/A;N/A,1257.58;19.05,1716.4;25.72,1994.92;30.47,378.3;6.09,3700.1;62.05,3604.91;59.73,675.76;11.17,3616.51;61.59,3488.49;58.26,872.4;14.03,1717.93;24.84,280.29;4.75,1300.69;20.4,N/A;N/A,1419.33;22.55,1486.45;23.39,203.58;3.18,678.31;10.89,1098.56;17.3,709.25;11.79,361.66;5.59,615.79;10.46,2209.94;32.35,1248.68;19.99,N/A;N/A,1864.93;27.87,562.57;8.89,1019.77;16.02,3227.38;53.48,922.06;15.07,653.99;10.54,273.68;5.27
Grand Teton,2344.17;35.47,2549.38;39.18,505.43;8.88,560.64;8.86,1360.03;21.71,2546.89;37.59,523.93;9.59,556.77;9.67,593.58;13.87,502.12;9.1,1107.91;17.16,1057.99;16.61,2074.17;31.03,807.78;13.39,1715.99;25.52,835.46;13.24,2779.68;47.83,2674.52;40.3,2586.31;38.28,2957.65;52.83,1301.32;19.53,2143.74;38.2,488.78;8.46,791.87;13.46,0;0,514.52;9.15,677.31;11.28,1828.65;27.52,1139.21;17.59,N/A;N/A,N/A;N/A,1426.71;22.02,1414.86;21.07,1370.5;22.84,952.58;15.27,2993.34;52.26,2898.34;49.97,1109.57;17.93,2909.75;51.79,2781.73;48.47,876.51;14.04,1592.24;24.15,625.88;10.85,830.68;13.46,N/A;N/A,855.32;14.2,1017.81;16.46,794.62;13.57,1035.32;16.32,1004.75;16.99,486.43;8.26,1122.25;17.56,1081.14;17.89,2062.97;31.53,557.22;9.76,N/A;N/A,1129.88;18.16,1063.03;16.49,473.99;7.5,2520.62;43.68,106.06;2.62,835.83;13.47,578.67;9.8
Great Basin,2595.49;39.09,2786.97;42.78,343.69;5.71,922.36;14.41,1233.23;20.54,2724.79;39.97,467.16;7.76,220.66;4.26,388.72;10.45,266.37;5.02,1002.41;16.3,676.96;10.56,2252.06;33.42,692.98;11.58,1953.58;29.12,397.23;6.6,3208.75;53.31,2852.42;42.69,2764.2;40.67,3386.72;58.3,1479.21;21.92,2572.81;43.68,917.85;13.93,447.59;7.87,514.35;9.12,0;0,666.13;11.07,2006.54;29.9,1033.72;16.73,N/A;N/A,N/A;N/A,1565.33;23.95,1652.45;24.67,1870.41;28.84,571.55;9.22,3422.41;57.73,3327.55;55.41,622.07;12.12,3338.82;57.27,3210.8;53.94,553.11;9.42,1770.14;26.54,464.13;7.68,899.27;14.55,N/A;N/A,1017.91;16.7,1085.03;17.54,545.55;9.01,628.25;11.59,765.53;13.23,658.39;10.73,741.22;11.52,700.11;11.85,2268.77;33.95,1087.0;16.8,N/A;N/A,1594.53;24.75,901.75;14.81,835.7;13.05,2949.69;49.16,644.37;10.75,409.56;7.09,213.69;4.02
Great Sand Dunes,2129.04;32.55,2386.09;36.38,349.18;6.43,602.82;9.65,718.56;12.42,2051.62;30.56,221.57;4.07,594.98;10.4,430.86;11.42,481.88;8.44,467.51;7.77,1055.83;16.92,1656.17;24.64,1252.0;20.16,1476.32;21.8,857.67;14.18,3425.15;56.28,2179.24;33.27,2091.03;31.25,3603.12;61.28,939.01;13.97,2789.22;46.66,1151.13;17.22,494.07;8.75,677.46;11.3,666.69;11.12,0;0,1466.35;21.95,498.82;8.2,N/A;N/A,N/A;N/A,880.42;14.1,1199.33;18.14,1477.84;22.89,841.49;13.84,3638.82;60.71,3545.1;58.36,1138.95;18.92,3555.22;60.25,3427.2;56.92,1226.44;19.32,1229.94;18.59,227.95;4.23,1336.69;21.22,N/A;N/A,1455.33;23.37,1522.45;24.21,400.22;6.83,1141.5;18.64,1438.86;23.13,298.87;4.95,673.07;10.33,1078.98;18.21,1728.57;26.0,842.14;13.23,N/A;N/A,1347.85;20.29,408.32;6.92,575.35;8.78,3166.1;52.14,776.29;11.86,1036.91;17.02,593.27;10.54
Great Smoky Mountains,933.32;15.0,1209.97;19.51,1733.2;25.71,1443.0;21.4,1457.72;22.19,892.98;13.62,1595.8;24.7,1935.34;29.34,1870.08;31.36,1822.24;27.38,1368.04;20.66,2329.52;34.23,259.72;4.53,N/A;N/A,527.6;8.08,2144.57;31.66,4163.02;67.75,1020.61;16.34,932.4;14.32,4341.9;72.7,529.13;8.06,3528.0;58.08,2104.87;31.41,1851.11;27.18,1829.85;27.64,2007.95;30.02,1466.42;22.09,0;0,1399.34;21.1,N/A;N/A,N/A;N/A,622.44;9.57,569.37;8.85,1052.27;16.74,2090.63;31.2,N/A;N/A,4277.88;69.8,2412.63;36.23,4294.0;71.67,4165.98;68.35,2515.09;37.45,252.88;4.56,1699.17;25.38,2607.39;39.48,N/A;N/A,N/A;N/A,2747.59;41.32,1648.48;24.16,2415.18;35.95,2727.51;41.26,1437.1;21.37,1831.56;26.86,2352.67;35.52,410.22;6.78,1568.65;23.43,N/A;N/A,1200.48;18.37,1520.1;22.55,1455.24;22.47,3904.88;63.56,1805.48;27.7,2390.86;35.6,2014.84;29.88
Guadalupe Mountains,2280.86;34.59,2531.86;38.49,708.9;11.49,985.67;15.36,274.53;4.75,1877.17;27.5,655.08;11.2,896.66;14.48,759.77;15.94,804.84;13.62,39.7;0.74,1017.5;15.18,1529.4;22.64,1589.56;24.75,1622.1;23.91,965.12;14.71,3829.8;62.21,2004.8;30.22,1916.59;28.2,4007.77;67.21,1078.31;15.97,3193.87;52.58,1555.78;23.15,668.25;10.92,1137.74;17.6,1010.77;16.81,498.46;8.2,1398.08;21.05,0;0,N/A;N/A,N/A;N/A,805.81;12.21,1395.1;20.69,1770.48;26.75,770.47;11.5,4043.47;66.64,3949.74;64.28,1186.38;18.52,3959.87;66.17,3831.86;62.85,1429.83;22.13,1265.83;18.82,592.88;9.42,1706.65;26.79,N/A;N/A,1825.29;28.94,1892.41;29.78,542.19;8.2,1178.37;17.98,1598.63;24.39,703.52;10.88,417.18;6.22,1126.41;17.81,1757.85;26.32,1246.8;19.16,N/A;N/A,1640.49;24.15,193.21;3.05,980.0;14.71,N/A;N/A,1180.94;17.79,1199.37;18.5,836.27;14.15
Haleakalā,N/A;N/A,N/A;N/A,N/A;N/A,N/A;N/A,N/A;N/A,N/A;N/A,N/A;N/A,N/A;N/A,N/A;N/A,N/A;N/A,N/A;N/A,N/A;N/A,N/A;N/A,N/A;N/A,N/A;N/A,N/A;N/A,N/A;N/A,N/A;N/A,N/A;N/A,N/A;N/A,N/A;N/A,N/A;N/A,N/A;N/A,N/A;N/A,N/A;N/A,N/A;N/A,N/A;N/A,N/A;N/A,N/A;N/A,0;0,N/A;N/A,N/A;N/A,N/A;N/A,N/A;N/A,N/A;N/A,N/A;N/A,N/A;N/A,N/A;N/A,N/A;N/A,N/A;N/A,N/A;N/A,N/A;N/A,N/A;N/A,N/A;N/A,N/A;N/A,N/A;N/A,N/A;N/A,N/A;N/A,N/A;N/A,N/A;N/A,N/A;N/A,N/A;N/A,N/A;N/A,N/A;N/A,N/A;N/A,N/A;N/A,N/A;N/A,N/A;N/A,N/A;N/A,N/A;N/A,N/A;N/A,N/A;N/A,N/A;N/A
Hawaiʻi Volcanoes,N/A;N/A,N/A;N/A,N/A;N/A,N/A;N/A,N/A;N/A,N/A;N/A,N/A;N/A,N/A;N/A,N/A;N/A,N/A;N/A,N/A;N/A,N/A;N/A,N/A;N/A,N/A;N/A,N/A;N/A,N/A;N/A,N/A;N/A,N/A;N/A,N/A;N/A,N/A;N/A,N/A;N/A,N/A;N/A,N/A;N/A,N/A;N/A,N/A;N/A,N/A;N/A,N/A;N/A,N/A;N/A,N/A;N/A,N/A;N/A,0;0,N/A;N/A,N/A;N/A,N/A;N/A,N/A;N/A,N/A;N/A,N/A;N/A,N/A;N/A,N/A;N/A,N/A;N/A,N/A;N/A,N/A;N/A,N/A;N/A,N/A;N/A,N/A;N/A,N/A;N/A,N/A;N/A,N/A;N/A,N/A;N/A,N/A;N/A,N/A;N/A,N/A;N/A,N/A;N/A,N/A;N/A,N/A;N/A,N/A;N/A,N/A;N/A,N/A;N/A,N/A;N/A,N/A;N/A,N/A;N/A,N/A;N/A,N/A;N/A
Hot Springs,1504.87;23.02,1781.36;27.51,1222.99;19.42,1089.45;16.43,866.63;13.28,1269.84;18.46,1047.61;17.59,1410.74;22.41,1273.86;23.87,1381.32;21.42,776.05;11.79,1736.41;26.24,804.99;12.03,2136.09;32.77,901.51;13.23,1551.46;23.67,3949.82;64.56,1397.47;21.17,1309.26;19.15,4127.79;69.55,399.64;6.15,3313.88;54.93,1804.92;27.43,1258.0;19.18,1425.3;22.11,1566.13;24.1,880.74;14.19,621.84;9.52,807.35;12.22,N/A;N/A,N/A;N/A,0;0,718.65;10.54,1120.21;17.34,1498.43;23.16,4163.48;68.98,4045.85;66.62,1819.52;28.23,4079.89;68.52,3951.87;65.2,2016.16;31.09,489.59;7.28,1105.51;17.33,2204.56;33.92,N/A;N/A,2230.65;34.13,2364.83;36.19,1056.28;16.13,1822.07;27.95,2242.33;34.37,996.18;15.41,1252.38;19.3,1759.56;27.52,981.6;14.78,1355.44;20.23,N/A;N/A,1128.31;17.08,861.95;14.16,1091.18;17.32,3690.76;60.41,1468.5;22.3,1797.75;27.61,1376.41;22.07
Indiana Dunes,939.76;14.64,1216.79;19.29,1390.77;20.44,932.18;13.6,1471.75;22.14,1393.08;20.46,1308.84;20.01,1592.91;24.08,1527.65;26.1,1479.81;22.12,1364.03;20.37,2150.82;31.47,811.99;12.34,2124.08;31.84,310.5;4.82,1928.29;28.1,3630.82;59.67,1520.71;23.17,1432.5;21.15,3808.79;64.66,317.74;4.82,2994.88;50.04,1571.76;23.36,1766.93;25.8,1413.28;21.19,1664.61;24.8,1198.15;18.27,566.47;8.82,1395.33;20.8,N/A;N/A,N/A;N/A,719.39;10.6,0;0,520.07;8.65,2007.37;29.79,3844.48;64.09,3748.76;61.75,2233.93;33.46,3760.89;63.63,3632.87;60.3,2098.52;31.0,371.72;5.7,1424.91;21.81,2158.46;32.19,N/A;N/A,2094.22;31.24,2256.7;33.5,1565.21;22.75,2236.48;33.18,2310.94;34.82,1065.58;15.89,1761.32;25.92,2173.97;32.75,657.48;10.83,1036.44;15.34,N/A;N/A,668.27;10.28,1435.92;21.18,1024.09;14.9,3371.76;55.52,1407.27;20.9,1999.07;29.94,1671.5;24.66
Isle Royale,1257.07;19.92,1258.92;22.28,1671.42;25.21,945.93;14.93,1845.05;28.19,1877.35;28.34,1589.49;24.78,1873.56;28.85,1808.31;30.86,1760.46;26.88,1737.33;26.43,2431.47;36.23,1296.25;20.22,2143.11;33.94,759.8;11.87,2208.94;32.87,3397.54;57.93,2004.97;31.06,1916.76;29.04,3575.51;62.92,722.23;11.31,2761.61;48.3,1376.99;22.29,1995.98;30.66,1371.81;22.91,1871.61;29.07,1478.81;23.03,1050.73;16.7,1768.64;26.86,N/A;N/A,N/A;N/A,1119.88;17.38,521.61;8.65,0;0,2287.58;34.61,3611.21;62.35,3517.28;60.04,2514.59;38.23,3527.62;61.89,3399.6;58.57,2210.4;34.71,855.99;13.58,1705.56;26.58,1964.91;31.17,N/A;N/A,1899.45;30.16,2061.93;32.42,1833.88;28.27,2369.21;37.0,2367.1;37.35,1346.24;20.66,2029.99;31.44,2454.62;37.52,1106.78;17.88,841.67;14.27,N/A;N/A,405.87;7.36,1704.59;26.7,1037.83;16.23,3138.49;53.78,1265.71;20.29,2219.56;34.15,1952.15;29.42
Joshua Tree,2865.05;43.02,3142.8;47.46,688.33;11.08,1360.79;20.59,992.87;15.29,2626.84;38.0,770.95;12.85,543.92;8.93,677.13;14.77,607.53;10.08,808.57;12.11,273.47;4.56,2273.54;33.58,914.52;14.71,2233.04;32.88,317.78;5.91,3647.18;59.49,2754.47;40.72,2666.26;38.7,3825.15;64.48,1689.25;24.94,3011.24;49.86,1356.28;20.11,378.27;6.14,952.78;15.3,571.87;9.25,842.44;13.82,2090.39;31.07,770.31;11.5,N/A;N/A,N/A;N/A,1497.78;23.04,2006.04;29.67,2324.96;34.81,0;0,3860.84;63.91,3727.14;61.25,442.35;7.9,3777.25;63.45,3649.23;60.12,712.23;11.83,1958.14;28.83,627.76;9.9,1328.36;21.06,N/A;N/A,1447.01;23.21,1514.12;24.05,443.78;7.17,443.91;8.01,1025.93;17.73,1039.3;16.13,366.9;5.73,382.38;7.19,2450.15;36.34,1525.44;22.98,N/A;N/A,2032.96;30.93,678.52;10.05,1274.13;19.23,3388.12;55.34,1082.8;16.93,455.34;7.88,426.19;7.21
Katmai,4766.34;78.36,4713.77;81.41,3414.89;57.1,3190.94;54.41,4266.98;70.35,5203.98;83.18,3538.36;59.15,3466.23;57.89,3503.04;62.08,3411.58;57.32,4014.86;65.8,3595.66;62.56,4619.82;75.27,2905.91;52.59,4140.42;68.12,3744.92;61.46,456.52;8.21,5331.61;85.89,5243.4;83.87,879.62;17.26,3941.4;65.31,971.07;18.07,2528.72;44.22,3701.33;61.68,2994.76;51.92,3423.98;57.36,3641.52;60.31,4374.3;71.76,4046.16;66.23,N/A;N/A,N/A;N/A,4142.27;68.58,3845.18;63.7,3613.7;61.99,3823.56;63.2,0;0,165.24;3.34,3490.91;61.79,831.72;16.23,301.31;5.81,3127.16;55.93,4179.56;68.64,3535.34;59.07,2580.69;47.6,N/A;N/A,2464.08;45.33,2557.4;47.98,3704.07;61.78,3393.35;59.79,3021.25;54.51,3410.58;57.05,3973.21;65.43,3492.15;61.93,4487.4;74.13,2950.78;50.71,N/A;N/A,3232.61;55.38,3969.98;65.12,3218.75;54.29,474.03;8.6,2953.39;51.46,3353.97;60.1,3488.13;58.01
Kenai Fjords,4670.55;76.41,4615.9;79.82,3317.48;55.53,3091.96;52.76,4168.47;68.75,5106.32;81.62,3441.3;57.6,3368.99;56.33,3406.65;60.57,3314.23;55.77,3918.28;64.34,3498.78;60.66,4526.04;73.72,2808.89;50.62,4041.35;66.57,3648.86;60.0,360.13;6.21,5234.55;84.37,5146.13;82.3,781.66;15.23,3842.27;63.69,874.71;16.19,2431.45;42.62,3604.31;60.1,2897.55;50.31,3326.62;55.78,3543.03;58.76,4281.81;70.19,3947.68;64.69,N/A;N/A,N/A;N/A,4067.69;67.04,3748.69;62.14,3515.42;60.41,3765.05;61.97,165.12;3.33,0.0;0.0,3393.79;59.85,733.76;14.21,204.9;3.84,3029.92;54.02,4086.77;67.09,3441.15;57.59,2483.22;45.64,N/A;N/A,2367.34;43.38,2431.23;45.65,3606.85;60.19,3296.16;57.85,2923.83;52.59,3313.18;55.57,3876.42;63.86,3394.96;60.02,4398.56;72.62,2853.06;49.11,N/A;N/A,3134.39;53.82,3871.68;63.59,3120.24;52.82,377.65;6.66,2856.18;49.87,3257.2;58.22,3390.92;56.46
Kings Canyon,3164.82;47.75,3370.19;51.49,913.82;14.41,1550.01;23.91,1409.03;22.27,2963.57;44.39,1037.29;16.47,733.14;12.24,919.1;18.82,796.75;13.39,1224.73;19.09,324.37;5.89,2595.37;38.68,623.2;10.73,2536.8;37.83,414.12;7.64,3275.91;57.37,3091.19;47.1,3002.98;45.08,3453.88;62.36,2011.08;30.04,2639.97;47.74,1459.19;22.5,676.47;11.22,1108.65;17.88,625.12;12.2,1164.27;18.92,2412.22;36.17,1186.47;18.47,N/A;N/A,N/A;N/A,1819.62;28.14,2235.67;33.37,2514.18;38.12,442.86;7.86,3489.57;61.79,3394.49;59.84,0;0,3405.98;61.33,3277.96;58.01,420.9;7.85,2279.98;33.93,925.96;14.98,992.94;16.7,N/A;N/A,1130.32;18.8,1085.9;18.41,765.62;12.27,235.41;4.63,584.88;10.23,1228.52;19.44,783.06;12.7,100.64;3.43,2771.99;41.44,1628.34;25.36,N/A;N/A,2201.0;33.76,1094.68;17.02,1463.35;22.54,3016.86;53.22,1185.71;19.31,217.78;5.26,615.41;10.52
Kobuk Valley,4682.74;77.89,4632.41;80.98,3333.54;56.67,3109.59;53.98,4185.63;69.93,5122.63;82.76,3457.01;58.73,3384.87;57.46,3421.68;61.66,3330.22;56.89,3933.5;65.38,3514.31;62.14,4538.47;74.85,2824.55;52.17,4059.07;67.7,3663.57;61.03,373.96;8.02,5250.26;85.47,5162.04;83.45,48.6;1.1,3860.05;64.89,889.71;17.65,2447.37;43.8,3619.98;61.26,2913.4;51.5,3342.62;56.94,3560.17;59.89,4292.95;71.33,3964.8;65.81,N/A;N/A,N/A;N/A,4060.91;68.15,3763.82;63.28,3532.34;61.56,3742.21;62.78,829.55;16.16,735.3;14.28,3409.55;61.36,0;0,598.06;11.91,3045.81;55.51,4098.21;68.22,3453.98;58.65,2499.33;47.18,N/A;N/A,2382.73;44.9,2476.05;47.56,3622.72;61.36,3312.0;59.37,2939.9;54.09,3329.23;56.62,3891.85;65.0,3410.8;61.51,4406.04;73.71,2869.42;50.29,N/A;N/A,3151.26;54.95,3888.63;64.7,3137.39;53.87,519.23;10.41,2872.04;51.04,N/A;N/A,3406.78;57.59
Lake Clark,4551;74,4501.59;77.6,3202.71;53.29,2978.76;50.6,4054.81;66.55,4991.8;79.38,3326.19;55.35,3254.05;54.09,3290.86;58.28,3199.4;53.51,3802.68;62.0,3383.48;58.76,4407.64;71.47,2693.73;48.79,3928.24;64.32,N/A;N/A,224.46;3.95,5119.43;82.09,5031.22;80.07,647.56;13.01,3729.22;61.51,758.89;14.27,2316.55;40.42,3489.16;57.88,2782.58;48.12,3211.8;53.56,3429.34;56.51,4162.13;67.96,3833.98;62.43,N/A;N/A,N/A;N/A,3930.09;64.77,3633.0;59.9,3401.52;58.19,3611.39;59.4,300.69;5.78,204.89;3.86,3278.73;57.98,599.66;11.98,0;0,2914.98;52.13,3967.38;64.84,3323.16;55.27,2368.51;43.8,N/A;N/A,2251.91;41.52,2345.22;44.18,3491.9;57.98,3181.18;55.99,2809.07;50.71,3198.4;53.24,3761.03;61.63,3279.97;58.13,4275.22;70.33,2738.6;46.91,N/A;N/A,3020.44;51.57,3757.81;61.32,3006.57;50.49,261.85;4.8,2741.21;47.66,3141.8;56.3,3275.95;54.21
Lassen Volcanic,3029.4;45.29,3238.42;48.92,907.32;13.9,1373.81;20.56,1652.57;25.84,3235.94;47.33,1030.79;15.95,740.43;12.62,928.75;18.68,780.62;13.25,1470.95;22.64,552.02;8.65,2763.21;40.77,250.87;4.75,2405.04;35.27,534.59;9.12,2912.04;51.53,3363.57;50.04,3275.35;48.02,3090.01;56.53,1990.36;29.28,2276.11;41.91,1040.58;17.49,872.88;14.03,876.22;13.99,553.58;9.43,1229.77;19.26,2517.69;37.26,1430.01;22.04,N/A;N/A,N/A;N/A,2016.03;30.95,2103.9;30.81,2209.19;34.56,709.15;11.62,3125.71;55.96,3030.74;53.98,421.22;7.85,3042.11;55.5,2914.09;52.17,0;0,2281.29;33.9,1027.76;15.87,629.07;10.87,N/A;N/A,766.45;12.96,722.03;12.58,962.03;15.08,349.71;5.88,241.08;4.82,1175.48;18.01,1049.35;16.46,422.47;7.99,2752.01;41.27,1395.91;21.48,N/A;N/A,1968.57;29.88,1338.22;20.6,1287.15;19.19,2652.99;47.39,953.27;15.43,328.17;6.2,717.66;12.1
Mammoth Cave,1058.58;16.38,1346.47;21.02,1506.5;22.34,1216.3;18.03,1325.51;19.93,1033.05;15.1,1368.2;21.37,1708.65;25.97,1643.39;27.99,1595.55;24.01,1234.92;18.45,2196.4;32.01,484.82;8.03,2313.05;34.96,423.75;6.3,2011.45;29.44,3968.89;64.61,1160.68;17.82,1072.47;15.8,4146.86;69.6,301.53;4.73,3332.96;54.98,1909.84;28.31,1717.99;24.96,1602.25;24.31,1780.35;26.69,1239.73;18.72,239.3;4.52,1266.22;18.88,N/A;N/A,N/A;N/A,490.23;7.31,375.24;5.71,858.15;13.59,1958.43;28.94,4182.56;69.04,4083.14;66.69,2279.52;34.01,4098.96;68.57,3970.95;65.25,2287.49;34.13,0;0,1435.64;22.42,2380.69;36.11,N/A;N/A,2357.5;35.73,2519.99;37.99,1516.27;21.91,2282.07;33.73,2499.91;37.94,1210.4;18.0,1698.44;24.64,2219.55;33.3,593.78;9.34,1374.52;20.29,N/A;N/A,1006.35;15.22,1386.98;20.33,1228.55;19.1,3709.84;60.46,1578.79;24.33,2150.57;32.59,1787.23;26.55
Mesa Verde,2355.79;36.1,2568.1;39.76,139.79;2.59,768.27;12.7,798.38;13.18,2235.28;33.19,163.15;3.32,398.77;6.94,221.47;7.58,282.72;5.11,546.26;8.63,845.1;13.06,1867.08;27.47,1052.84;16.83,1658.34;25.18,646.94;10.31,3323.28;55.12,2362.91;35.9,2274.69;33.88,3501.25;60.11,1121.03;17.35,2687.34;45.49,1032.38;15.74,283.34;4.89,628.89;10.93,467.52;7.79,214.05;3.9,1683.94;24.96,577.56;9.06,N/A;N/A,N/A;N/A,1091.33;16.93,1412.45;21.41,1690.96;26.15,630.76;9.97,3536.94;59.54,3438.92;57.12,928.22;15.05,3453.35;59.08,3325.33;55.75,1027.28;15.99,1411.96;21.97,0;0,1137.53;17.89,N/A;N/A,1256.17;20.04,1323.29;20.88,217.04;3.55,930.77;14.77,1239.7;19.8,414.62;7.65,492.53;8.6,868.25;14.34,1910.59;29.38,982.62;16.16,N/A;N/A,1560.97;23.55,468.25;7.29,715.82;11.71,3064.23;50.97,758.9;12.56,837.75;13.69,382.54;6.67
Mount Rainier,3080.31;46.45,3038.99;49.4,1015.46;15.91,1193.67;18.47,1929.18;30.89,3302.25;48.7,1138.93;17.97,1066.8;16.7,1103.6;20.9,1012.15;16.13,1677.05;26.34,1098.12;17.48,2829.53;42.15,408.37;7.52,2425.21;35.83,1054.66;17.12,2371.09;43.21,3429.88;51.42,3341.67;49.4,2550.79;48.21,2056.68;30.65,1735.1;33.58,624.88;10.54,1301.9;20.5,831.62;13.55,899.59;14.63,1337.91;21.27,2584.01;38.63,1708.35;26.77,N/A;N/A,N/A;N/A,2182.07;33.14,2129.97;31.41,1937.0;30.34,1281.29;20.49,2584.76;47.64,2484.26;45.65,993.37;16.71,2502.89;47.18,2373.14;43.85,629.62;10.85,2347.6;35.27,1135.9;17.89,0;0,N/A;N/A,222.54;4.64,196.21;4.34,1304.64;20.6,895.81;14.71,523.71;9.44,1241.79;19.38,1498.04;23.42,994.61;16.85,2772.19;41.84,1123.72;17.26,N/A;N/A,1696.38;25.66,1599.04;25.01,1192.39;18.15,2112.04;39.07,830.81;14.09,856.43;15.02,1088.7;16.83
National Park of American Samoa,N/A;N/A,N/A;N/A,N/A;N/A,N/A;N/A,N/A;N/A,N/A;N/A,N/A;N/A,N/A;N/A,N/A;N/A,N/A;N/A,N/A;N/A,N/A;N/A,N/A;N/A,N/A;N/A,N/A;N/A,N/A;N/A,N/A;N/A,N/A;N/A,N/A;N/A,N/A;N/A,N/A;N/A,N/A;N/A,N/A;N/A,N/A;N/A,N/A;N/A,N/A;N/A,N/A;N/A,N/A;N/A,N/A;N/A,N/A;N/A,N/A;N/A,N/A;N/A,N/A;N/A,N/A;N/A,N/A;N/A,N/A;N/A,N/A;N/A,N/A;N/A,N/A;N/A,N/A;N/A,N/A;N/A,N/A;N/A,N/A;N/A,N/A;N/A,0;0,N/A;N/A,N/A;N/A,N/A;N/A,N/A;N/A,N/A;N/A,N/A;N/A,N/A;N/A,N/A;N/A,N/A;N/A,N/A;N/A,N/A;N/A,N/A;N/A,N/A;N/A,N/A;N/A,N/A;N/A,N/A;N/A,N/A;N/A,N/A;N/A
North Cascades,3016.07;45.5,3000.5;49.18,1134.54;18.06,1155.18;18.26,2048.26;33.04,3302.33;49.06,1258.02;20.12,1185.88;18.86,1222.69;23.05,1131.23;18.28,1796.13;28.49,1235.47;19.58,2829.61;42.5,545.71;9.61,N/A;N/A,1173.75;19.27,2249.46;40.9,3429.96;51.77,3341.75;49.75,2427.43;45.89,2056.76;31.0,1613.53;31.27,586.4;10.32,1420.99;22.65,854.73;14.25,1018.68;16.78,1456.99;23.43,2584.09;38.99,1827.44;28.92,N/A;N/A,N/A;N/A,2230.55;34.05,2091.48;31.2,1898.52;30.13,1418.64;22.58,2463.13;45.33,2367.66;43.37,1130.71;18.8,2379.53;44.86,2251.51;41.54,766.97;12.95,2347.68;35.62,1254.99;20.04,220.49;4.62,N/A;N/A,0;0,197.21;5.0,1423.73;22.75,1033.16;16.81,661.06;11.53,1345.74;20.69,1617.13;25.57,1131.96;18.95,2733.7;41.62,1085.23;17.05,N/A;N/A,1657.89;25.45,1718.13;27.16,1153.9;17.94,1990.41;36.75,792.32;13.87,993.78;17.12,1207.78;18.98
Olympic,3178.56;47.76,3162.52;51.39,1200.97;18.87,1317.21;20.47,2114.69;33.85,3464.36;51.27,1324.45;20.93,1252.31;19.66,1289.12;23.86,1197.66;19.09,1862.56;29.3,1190.73;19.18,2991.64;44.71,500.97;9.21,2548.75;37.83,1151.02;19.24,2345.83;43.55,3591.99;53.98,3503.78;51.96,2525.53;48.55,2218.79;33.21,1709.84;33.92,748.42;12.53,1487.42;23.45,1016.75;16.46,1085.11;17.59,1523.42;24.23,2746.12;41.2,1893.87;29.73,N/A;N/A,N/A;N/A,2367.58;36.09,2253.51;33.41,2060.54;32.34,1373.89;22.18,2559.49;47.98,2460.98;46.03,1085.97;18.4,2477.63;47.52,2347.88;44.19,722.23;12.55,2509.71;37.84,1321.42;20.84,196.16;4.31,N/A;N/A,197.28;4.98,0;0,1490.16;23.56,988.42;16.41,616.31;11.13,1427.31;22.34,1683.56;26.38,1087.21;18.55,2895.73;43.84,1247.26;19.26,N/A;N/A,1819.92;27.66,1784.56;27.96,1315.93;20.15,2086.78;39.4,954.35;16.08,949.04;16.72,1274.21;19.78
Petrified Forest,2422.89;35.99,2700.77;40.4,305.48;5.18,999.84;15.13,781.81;12.09,2199.7;32.23,357.19;6.38,406.04;6.85,337.9;9.3,382.97;6.98,510.67;7.67,681.59;10.21,1831.5;26.52,1121.08;17.69,1791.01;25.82,496.64;7.64,N/A;N/A,2327.32;34.95,2239.11;32.93,3666.94;62.7,1247.21;17.89,2853.04;48.08,1198.08;18.34,203.18;3.16,794.58;13.53,545.71;9.04,400.4;6.76,1648.35;24.01,541.98;8.1,N/A;N/A,N/A;N/A,1055.75;15.98,1564.0;22.61,1836.28;28.12,443.62;7.14,3702.64;62.14,3607.65;59.83,764.71;12.21,N/A;N/A,3491.02;58.35,961.35;15.07,1516.11;21.77,214.0;3.43,1303.22;20.48,N/A;N/A,1421.87;22.63,1488.98;23.47,0;0,767.26;11.93,1187.51;18.34,717.69;10.65,276.95;5.15,704.74;11.5,2008.12;29.28,1260.97;18.93,N/A;N/A,1706.29;25.53,410.01;6.18,994.17;14.47,3229.92;53.56,924.6;15.15,742.93;11.58,371.2;6.38
Pinnacles,3167.37;47.46,3373.37;51.21,917.0;14.14,1535.74;22.86,1400.48;21.71,2966.75;44.11,1040.47;16.19,736.32;11.97,922.28;18.54,799.93;13.12,1216.18;18.53,207.95;3.41,2598.55;38.4,525.57;8.73,2539.99;37.55,417.3;7.36,3178.28;55.37,3094.37;46.83,3006.16;44.81,3356.25;60.36,2014.27;29.77,2542.35;45.74,1388.68;20.92,679.65;10.94,1038.15;16.3,629.15;11.61,1167.45;18.64,2415.4;35.89,1177.91;17.91,N/A;N/A,N/A;N/A,1822.8;27.86,N/A;N/A,2371.12;36.87,434.3;7.3,3391.95;59.8,3296.93;57.84,235.5;4.65,3308.36;59.33,3180.34;56.01,349.21;5.85,2283.16;33.66,929.14;14.7,895.31;14.7,N/A;N/A,1032.7;16.8,988.27;16.41,768.8;11.99,0;0,439.34;7.57,1231.7;19.17,774.5;12.14,183.98;4.19,2775.17;41.16,1557.84;23.79,N/A;N/A,2130.5;32.19,1086.13;16.46,1449.08;21.5,2919.23;51.22,1115.2;17.74,221.81;4.66,618.59;10.25
Redwood,3241.82;49.1,3452.42;52.76,1121.32;17.73,1587.8;24.39,1820.87;28.13,3387.14;50.54,1244.79;19.79,954.43;16.45,1142.75;22.51,994.61;17.09,1636.57;24.96,642.09;10.38,2977.21;44.61,225.05;4.72,2619.03;39.1,748.58;12.95,2805.96;50.11,3514.77;53.26,3426.56;51.24,2983.93;55.1,2204.36;33.11,2170.02;40.48,1052.97;17.53,1100.05;17.37,998.67;17.09,767.57;13.26,1443.76;23.09,2731.69;41.09,1598.31;24.34,N/A;N/A,N/A;N/A,2243.2;34.29,2317.9;34.64,2365.09;37.34,854.7;13.73,3019.62;54.54,2924.83;52.56,584.85;10.24,2936.03;54.07,2808.01;50.75,242.61;4.84,2495.28;37.73,1241.76;19.7,522.99;9.44,N/A;N/A,660.37;11.54,615.95;11.15,1189.19;18.42,439.79;7.61,0;0,1389.47;21.84,1194.9;18.57,586.09;10.39,2966.01;45.11,1551.8;24.26,N/A;N/A,2124.47;32.66,1506.52;22.89,1501.15;23.03,2546.91;45.96,1075.73;18.52,512.29;9.3,931.66;15.93
Rocky Mountain,1996.47;30.17,2274.41;34.73,384.93;6.42,400.88;6.56,924.15;15.02,2151.2;31.39,312.6;6.14,587.07;10.05,521.82;12.07,473.97;8.09,672.02;10.46,1144.98;17.44,1678.48;24.83,1198.19;18.99,1368.12;20.27,922.45;14.08,3195.3;53.09,2278.83;34.1,2190.62;32.08,3373.27;58.08,905.63;13.34,2559.37;43.46,921.27;14.03,709.49;11.87,487.4;8.33,658.78;10.77,298.69;4.97,1432.96;21.32,703.32;10.9,N/A;N/A,N/A;N/A,991.74;15.37,1066.98;15.81,1345.5;20.56,1039.57;16.1,3408.97;57.51,3314.16;55.09,1228.1;19.44,3325.37;57.05,3197.35;53.73,1172.63;18.15,1196.55;17.96,428.67;7.94,1241.17;19.42,N/A;N/A,1347.01;20.72,1426.93;22.41,717.3;10.73,1230.65;19.15,1385.05;21.96,0;0,952.0;14.13,1168.13;18.73,1695.18;25.37,612.29;10.04,N/A;N/A,1215.51;17.96,627.15;9.79,345.49;5.58,2936.25;48.94,546.44;8.67,1029.0;16.67,665.66;10.63
Saguaro,2713.08;40.36,2896.29;43.7,612.97;9.68,1233.85;18.59,639.28;10.04,2273.26;32.75,631.51;11.42,580.62;9.49,601.78;13.37,646.85;11.05,454.99;6.86,613.85;9.38,1953.93;28.46,1185.92;18.95,1986.52;29.12,561.48;8.9,3758.54;61.38,2400.88;35.47,2312.67;33.45,3936.51;66.37,1442.73;21.19,3122.61;51.75,1467.65;22.0,362.41;5.58,1064.15;17.19,741.03;11.51,673.42;10.33,1829.77;26.89,416.72;6.25,N/A;N/A,N/A;N/A,1237.5;18.04,1759.52;25.91,2031.79;31.42,366.82;5.7,3972.21;65.8,3876.79;63.48,782.73;12.72,3888.61;65.34,3760.59;62.01,1049.27;16.51,1697.53;24.65,488.32;8.48,1497.53;23.32,N/A;N/A,1616.17;25.47,1683.29;26.31,276.07;5.16,774.73;12.18,1194.98;18.59,951.7;14.11,0;0,722.76;12.01,2189.54;32.16,1494.98;22.39,N/A;N/A,1901.8;28.83,324.93;4.8,1228.18;17.94,3499.49;57.23,1194.16;18.82,795.73;12.7,545.79;9.02
Sequoia,3104.85;47.04,3309.94;50.78,853.57;13.71,1489.76;23.2,1348.78;21.56,2903.32;43.69,977.04;15.77,672.89;11.54,858.85;18.12,736.5;12.69,1164.48;18.39,266.2;5.31,2535.12;37.98,624.37;10.9,2476.55;37.13,353.87;6.94,3277.08;57.54,3030.94;46.4,2942.73;44.38,3455.05;62.53,1950.83;29.34,2641.14;47.91,1460.36;22.67,616.22;10.52,1081.76;17.91,700.84;11.86,1104.02;18.22,2351.97;35.47,1126.22;17.77,N/A;N/A,N/A;N/A,1759.37;27.44,2175.42;32.67,2453.93;37.42,382.61;7.16,3490.75;61.96,3395.73;59.98,100.58;3.46,3407.15;61.5,3279.13;58.18,422.07;8.02,N/A;N/A,865.71;14.28,994.11;16.87,N/A;N/A,1131.49;18.97,1087.07;18.58,705.37;11.57,183.99;4.2,586.05;10.4,1168.27;18.74,722.81;12.0,0;0,2711.74;40.74,1629.51;25.53,N/A;N/A,2161.93;33.54,1034.43;16.32,1403.1;21.84,3018.03;53.39,1211.77;19.54,221.79;5.47,555.16;9.82
Shenandoah,530.65;9.16,811.44;13.72,1995.01;29.74,1582.05;24.08,1817.06;27.43,1043.11;16.13,1856.7;28.78,N/A;N/A,2131.89;35.4,2084.05;31.42,1726.47;25.95,2687.96;39.51,435.33;7.11,N/A;N/A,362.75;6.31,2503.01;36.94,4280.68;70.14,1170.74;18.84,1082.52;16.82,4458.65;75.14,790.03;12.14,3644.75;60.51,2221.63;33.84,2209.55;32.46,2072.18;31.68,2268.85;34.1,1728.23;26.12,410.24;6.78,1757.78;26.38,N/A;N/A,N/A;N/A,981.79;14.81,667.78;10.85,1115.91;17.93,2449.98;36.44,4494.35;74.57,4390.98;72.18,2771.07;41.51,4410.75;74.1,4282.74;70.78,2757.41;41.5,591.9;9.37,1924.15;29.83,2808.33;42.67,N/A;N/A,2744.08;41.71,2906.57;43.97,2007.82;29.4,2773.62;41.23,2969.83;45.31,1698.91;25.41,N/A;N/A,2711.1;40.8,0;0,1686.31;25.82,N/A;N/A,1318.14;20.76,1878.53;27.83,1673.96;25.38,4021.63;66.0,2057.14;31.38,2639.08;40.0,N/A;N/A
Theodore Roosevelt,1958.3;29.61,1942.76;33.19,923.64;14.59,296.28;4.98,1422.68;22.92,2392.55;34.69,880.58;14.34,1130.43;17.33,1060.53;20.24,1012.69;16.26,1215.35;18.71,1631.65;24.26,1808.39;26.78,1329.07;20.73,1328.99;19.63,1409.12;20.89,2740.58;46.73,2520.18;37.4,2431.96;35.38,2920.28;51.73,1129.97;16.82,2104.59;37.1,571.79;9.25,1248.21;20.03,557.76;9.7,1088.18;16.8,842.02;13.22,1562.87;23.26,1246.66;19.15,N/A;N/A,N/A;N/A,1330.83;20.08,1033.75;15.21,840.78;14.14,1526.24;22.92,2954.24;51.15,2854.36;48.76,1629.41;25.4,2872.38;50.7,2742.63;47.36,1396.35;21.51,1368.13;20.14,996.11;16.46,1124.97;17.19,N/A;N/A,1085.4;16.95,1247.89;19.21,1260.63;18.98,1555.17;23.8,1553.05;24.15,611.08;9.96,1495.33;22.38,1654.8;25.54,1675.97;25.63,0;0,N/A;N/A,600.16;9.46,1170.48;18.04,309.11;5.34,2481.53;42.58,451.67;7.08,1355.68;20.94,1152.33;17.45
Virgin Islands,N/A;N/A,N/A;N/A,N/A;N/A,N/A;N/A,N/A;N/A,N/A;N/A,N/A;N/A,N/A;N/A,N/A;N/A,N/A;N/A,N/A;N/A,N/A;N/A,N/A;N/A,N/A;N/A,N/A;N/A,N/A;N/A,N/A;N/A,N/A;N/A,N/A;N/A,N/A;N/A,N/A;N/A,N/A;N/A,N/A;N/A,N/A;N/A,N/A;N/A,N/A;N/A,N/A;N/A,N/A;N/A,N/A;N/A,N/A;N/A,N/A;N/A,N/A;N/A,N/A;N/A,N/A;N/A,N/A;N/A,N/A;N/A,N/A;N/A,N/A;N/A,N/A;N/A,N/A;N/A,N/A;N/A,N/A;N/A,N/A;N/A,N/A;N/A,N/A;N/A,N/A;N/A,N/A;N/A,N/A;N/A,N/A;N/A,N/A;N/A,N/A;N/A,N/A;N/A,N/A;N/A,N/A;N/A,N/A;N/A,0;0,N/A;N/A,N/A;N/A,N/A;N/A,N/A;N/A,N/A;N/A,N/A;N/A,N/A;N/A
Voyageurs,1590.13;24.54,1509.16;26.4,1539.91;22.59,731.48;11.92,1713.55;25.57,2026.72;29.73,1457.99;22.16,1638.19;25.46,1676.8;28.24,1628.96;24.26,1605.83;23.81,2139.42;32.39,1442.56;21.82,1901.58;29.22,963.16;14.67,1916.89;29.03,3016.51;51.35,2154.34;32.44,2066.13;30.42,3194.48;56.34,824.33;12.33,2380.58;41.72,1047.17;16.95,1864.48;28.04,1130.27;18.19,1595.94;24.93,1347.3;20.42,1197.04;18.3,1637.13;24.24,N/A;N/A,N/A;N/A,1128.37;17.11,667.91;10.25,407.18;7.35,1995.53;30.77,3230.18;55.77,3136.19;53.42,2201.92;33.89,3146.58;55.31,3018.56;51.98,1968.86;29.99,1002.3;15.18,1574.06;23.96,1697.49;25.68,N/A;N/A,1657.91;25.44,1820.4;27.7,1702.37;25.65,2127.68;32.28,2125.56;32.64,1214.73;18.04,1898.48;28.82,2162.57;33.68,1310.13;20.67,600.14;9.55,N/A;N/A,0;0,1573.08;24.08,808.46;12.86,2757.46;47.2,1024.18;15.57,1928.19;29.43,1660.1;25.58
White Sands National Park,2293.6;34.42,2571.48;38.93,601.09;9.71,909.67;14.26,425.57;6.94,1943.61;29.2,560.46;9.79,764.9;12.54,651.96;14.16,697.03;11.84,184.93;3.41,919.1;13.75,1615.69;24.26,1491.16;23.33,1661.71;24.35,866.72;13.28,3753.8;61.11,2071.24;31.92,1983.03;29.9,3931.77;66.11,1117.92;16.41,3117.87;51.48,1479.78;22.05,562.75;9.0,1061.74;16.5,905.28;14.88,403.84;6.78,1484.36;22.68,193.4;3.04,N/A;N/A,N/A;N/A,892.09;13.83,1434.71;21.13,1706.98;26.65,678.79;10.05,3967.47;65.54,3873.56;63.17,1094.7;17.07,3883.88;65.08,3755.86;61.75,1361.23;20.85,1352.12;20.44,485.07;7.64,1598.83;25.0,N/A;N/A,1717.48;27.16,1784.59;28.0,410.43;6.26,1079.97;16.55,1506.95;22.94,627.52;9.78,318.78;4.79,1028.01;16.39,1844.13;27.95,1170.8;18.06,N/A;N/A,1576.99;24.05,0;0,904.0;13.61,3494.75;56.97,1104.94;16.69,1100.97;17.08,730.77;12.22
Wind Cave,1945.94;29.17,2222.2;33.68,695.28;10.71,99.78;1.69,1138.15;18.28,2173.35;32.45,613.36;10.27,878.15;13.71,832.17;16.36,784.33;12.38,948.67;14.33,1379.37;20.65,1700.62;25.89,1308.86;20.17,1315.91;19.22,1156.84;17.28,3002.37;50.34,2300.98;35.16,2212.76;33.14,3180.34;55.33,927.77;14.39,2366.43;40.71,728.34;11.28,1019.85;16.15,474.1;7.55,835.9;13.19,575.34;8.84,1455.11;22.38,979.97;14.77,N/A;N/A,N/A;N/A,1084.18;17.24,1020.67;14.8,1036.79;16.13,1273.96;19.31,3216.03;54.76,3122.33;52.34,1516.35;23.23,3132.44;54.3,3004.42;50.97,1283.29;19.33,1218.7;19.01,729.43;12.08,1193.65;18.21,N/A;N/A,1154.08;17.97,1316.56;20.23,993.95;14.6,1442.11;21.62,1495.72;23.14,344.4;5.58,1228.65;18.0,1402.52;21.93,1662.89;25.23,309.17;5.42,N/A;N/A,808.43;12.84,903.8;13.66,0;0,2743.31;46.19,432.58;7.26,1183.85;18.27,900.05;13.84
Wrangell–St. Elias,4293.62;69.78,4240.46;72.83,2941.59;48.52,2717.64;45.83,3793.68;61.78,4730.68;74.61,3065.06;50.58,2992.92;49.31,3029.73;53.51,2938.27;48.74,3541.55;57.23,3122.36;53.99,4146.52;66.7,2432.6;44.02,3667.12;59.55,3271.62;52.88,276.43;6.04,4858.31;77.32,4770.09;75.3,564.3;11.4,3468.1;56.74,497.76;9.5,2055.42;35.65,3228.03;53.1,2521.45;43.35,2950.67;48.79,3168.22;51.74,3901.0;63.18,3572.85;57.66,N/A;N/A,N/A;N/A,3668.96;60.0,3371.88;55.13,3140.39;53.41,3350.26;54.62,473.44;8.61,377.6;6.65,3017.6;53.21,516.4;10.37,261.83;4.82,2653.86;47.36,3706.26;60.06,3062.03;50.49,2107.38;39.03,N/A;N/A,1990.78;36.75,2084.1;39.41,3230.77;53.21,2920.05;51.22,2547.95;45.94,2937.28;48.47,3499.9;56.85,3018.85;53.36,4014.09;65.56,2477.47;42.13,N/A;N/A,2759.31;46.8,3496.68;56.55,2745.44;45.72,0;0,2480.09;42.89,2880.67;51.53,3014.83;49.43
Yellowstone,2329.12;35.16,2428.97;38.98,636.08;10.52,488.91;7.79,1401.48;21.91,2524.79;37.6,652.56;10.85,687.42;11.31,724.23;15.5,632.77;10.74,1149.35;17.36,1188.65;18.24,2052.06;31.05,884.62;14.85,1699.15;25.16,966.11;14.88,2738.31;47.39,2652.41;40.32,2564.2;38.3,2916.28;52.38,1279.21;19.55,2102.37;37.76,447.41;8.02,922.53;15.1,106.09;2.61,645.17;10.79,776.02;11.87,1806.54;27.53,1180.65;17.79,N/A;N/A,N/A;N/A,1468.15;22.22,1403.91;20.74,1264.44;20.23,1083.23;16.9,2951.97;51.81,2856.97;49.51,1186.4;19.39,2868.38;51.35,2740.36;48.03,953.34;15.49,1570.13;24.17,756.53;12.49,831.9;14.03,N/A;N/A,792.33;13.8,954.81;16.06,925.27;15.21,1112.16;17.78,1081.58;18.44,545.08;8.61,1194.4;18.85,1187.64;19.53,2046.13;31.17,451.16;7.14,N/A;N/A,1023.82;15.54,1104.48;16.69,432.39;7.17,2479.25;43.24,0;0,912.67;14.93,709.32;11.43
Yosemite,2929.96;44.23,3138.7;47.89,714.11;11.59,1274.08;19.52,1422.31;22.34,2941.14;43.71,837.58;13.65,560.12;9.59,746.08;16.17,623.73;10.74,1238.02;19.16,361.04;6.85,2572.94;38.0,488.1;8.88,2305.31;34.23,315.75;5.62,N/A;N/A,3068.76;46.42,2980.55;44.4,N/A;N/A,1849.64;27.81,2503.39;46.11,1185.0;18.04,654.04;10.54,834.46;13.42,409.76;7.09,1036.56;16.96,2389.79;35.49,1199.75;18.55,N/A;N/A,N/A;N/A,1797.19;27.46,2004.18;29.77,2222.14;33.94,456.14;7.94,3352.99;60.16,3257.55;58.15,214.93;5.14,3269.4;59.7,3141.38;56.37,328.37;6.26,2140.56;32.43,834.56;13.57,856.35;15.07,N/A;N/A,993.74;17.16,949.31;16.78,743.19;11.59,221.11;4.62,512.59;9.24,1075.75;16.97,796.34;12.78,219.09;5.33,2639.2;39.84,1354.15;20.91,N/A;N/A,1926.81;29.31,1107.96;17.1,1187.43;18.16,N/A;N/A,911.51;14.86,0;0,503.84;8.67
Zion,2602.38;38.94,2806.84;42.67,350.46;5.6,986.65;15.09,1064.99;17.96,2525.98;38.19,473.93;7.65,133.82;3.34,355.75;10.0,233.39;4.57,836.96;13.63,536.88;8.54,N/A;N/A,867.51;14.36,1973.45;29.01,314.35;5.17,3273.04;53.98,2653.61;40.91,2565.39;38.89,3451.01;58.97,1485.99;21.81,2637.11;44.35,982.15;14.61,279.35;5.3,578.65;9.8,214.1;4.07,599.26;10.5,2013.32;29.79,868.26;14.06,N/A;N/A,N/A;N/A,1382.03;21.94,1672.31;24.56,1950.83;29.3,431.47;7.2,3486.71;58.41,3391.71;56.06,620.0;10.53,N/A;N/A,N/A;N/A,722.27;12.19,1776.91;26.43,385.21;6.6,1087.29;16.75,N/A;N/A,1205.94;18.9,1273.05;19.75,377.32;6.43,622.55;10.25,934.69;16.0,665.16;10.62,551.23;9.04,560.03;9.82,2275.55;33.84,1151.3;17.47,N/A;N/A,1658.83;25.43,736.29;12.14,900.0;13.73,3013.99;49.83,708.67;11.42,509.04;8.69,0;0